scf_SettingName,scf_Description,scf_status,scf_P01,scf_P02,scf_P03,scf_P04,scf_P05,scf_P06,scf_P07,scf_P08,scf_P09,scf_P10
_section.01_System,High-level system settings and versioning.,,,,,,,,,,,
sys.schema.version,The current schema version of the SysConfig sheet.,stable,value,2,,,,,,,,
system.spreadsheet.data,ID of the JLMops_Data spreadsheet,stable,id,1a4aAreab8IdSZjgpNDf0Wj8Rl2UOTwlD525d4Zpc874,,,,,,,,
system.spreadsheet.logs,ID of the JLMops_Logs spreadsheet,stable,id,1G2vDKRaYMDdHoHiYSUaSKWgOKQgViBLjxalHIi57lpE,,,,,,,,
system.folder.archive,The Google Drive Folder ID for archiving processed files.,stable,id,15klv4UL_7KCKkMsneCwx4B56bH2tL7Zd,,,,,,,,
system.sheet_names,Names of the sheets in the spreadsheets,stable,WebOrdM,WebOrdM,,,,,,,,
system.sheet_names,Names of the sheets in the spreadsheets,stable,WebOrdItemsM,WebOrdItemsM,,,,,,,,
system.sheet_names,Names of the sheets in the spreadsheets,stable,SysOrdLog,SysOrdLog,,,,,,,,
system.sheet_names,Names of the sheets in the spreadsheets,stable,SysPackingCache,SysPackingCache,,,,,,,,
system.sheet_names,Names of the sheets in the spreadsheets,stable,SysJobQueue,SysJobQueue,,,,,,,,
system.sheet_names,Names of the sheets in the spreadsheets,stable,SysLog,SysLog,,,,,,,,
system.sheet_names,Names of the sheets in the spreadsheets,stable,WebOrdS,WebOrdS,,,,,,,,
system.sheet_names,Names of the sheets in the spreadsheets,stable,SysProductAudit,SysProductAudit,,,,,,,,
system.sheet_names,Names of the sheets in the spreadsheets,stable,SysFileRegistry,SysFileRegistry,,,,,,,,
system.sheet_names,Names of the sheets in the spreadsheets,stable,CmxProdM,CmxProdM,,,,,,,,
system.sheet_names,Names of the sheets in the spreadsheets,stable,CmxProdS,CmxProdS,,,,,,,,
system.sheet_names,Names of the sheets in the spreadsheets,stable,WebProdS_EN,WebProdS_EN,,,,,,,,
system.sheet_names,Names of the sheets in the spreadsheets,stable,WebProdM,WebProdM,,,,,,,,
system.sheet_names,Names of the sheets in the spreadsheets,stable,WebXltS,WebXltS,,,,,,,,
system.sheet_names,Names of the sheets in the spreadsheets,stable,WebXltM,WebXltM,,,,,,,,
system.sheet_names,Names of the sheets in the spreadsheets,stable,SysPackingCache,SysPackingCache,,,,,,,,
system.sheet_names,Names of the sheets in the spreadsheets,stable,WebDetM,WebDetM,,,,,,,,
system.sheet_names,Names of the sheets in the spreadsheets,stable,SysInventoryOnHold,SysInventoryOnHold,,,,,,,,
system.sheet_names,Names of the sheets in the spreadsheets,stable,SysTasks,SysTasks,,,,,,,,
system.import.processing_order,Defines the processing order for file import configurations.,stable,order,"import.drive.comax_products,import.drive.web_products_en,import.drive.web_translations_he,import.drive.web_orders",,,,,,,,
_section.02_Imports,Configurations for importing data from external sources.,,,,,,,,,,,
import.drive.comax_products,Configuration for the Comax Products CSV import from Google Drive.,stable,source_folder_id,1bPsgqtH2Wcd_vuLGFQGQiYP85TKHD-3j,,,,,,,,
import.drive.comax_products,Configuration for the Comax Products CSV import from Google Drive.,stable,file_pattern,ComaxProducts.csv,,,,,,,,
import.drive.comax_products,Configuration for the Comax Products CSV import from Google Drive.,stable,processing_service,ProductService,,,,,,,,
import.drive.comax_products,Configuration for the Comax Products CSV import from Google Drive.,stable,file_encoding,Windows-1255,,,,,,,,
import.drive.web_products_en,Configuration for the English Web Products CSV import from Google Drive.,stable,source_folder_id,1bPsgqtH2Wcd_vuLGFQGQiYP85TKHD-3j,,,,,,,,
import.drive.web_products_en,Configuration for the English Web Products CSV import from Google Drive.,stable,file_pattern,WebProducts.csv,,,,,,,,
import.drive.web_products_en,Configuration for the English Web Products CSV import from Google Drive.,stable,processing_service,ProductService,,,,,,,,
import.drive.web_products_en,Configuration for the English Web Products CSV import from Google Drive.,stable,file_encoding,UTF-8,,,,,,,,
import.drive.web_translations_he,Configuration for the Hebrew Web Translations CSV import from Google Drive.,stable,source_folder_id,1bPsgqtH2Wcd_vuLGFQGQiYP85TKHD-3j,,,,,,,,
import.drive.web_translations_he,Configuration for the Hebrew Web Translations CSV import from Google Drive.,stable,file_pattern,wehe.csv,,,,,,,,
import.drive.web_translations_he,Configuration for the Hebrew Web Translations CSV import from Google Drive.,stable,processing_service,ProductService,,,,,,,,
import.drive.web_translations_he,Configuration for the Hebrew Web Translations CSV import from Google Drive.,stable,file_encoding,UTF-8,,,,,,,,
import.drive.web_orders,Configuration for the Web Orders CSV import from Google Drive.,stable,source_folder_id,1bPsgqtH2Wcd_vuLGFQGQiYP85TKHD-3j,,,,,,,,
import.drive.web_orders,Configuration for the Web Orders CSV import from Google Drive.,stable,file_pattern,WebOrders.csv,,,,,,,,
import.drive.web_orders,Configuration for the Web Orders CSV import from Google Drive.,stable,processing_service,OrderService,,,,,,,,
import.drive.web_orders,Configuration for the Web Orders CSV import from Google Drive.,stable,file_encoding,UTF-8,,,,,,,,
job.manual.validation.master,Job type for manual master validation.,stable,processing_service,ValidationOrchestratorService,,,,,,,,
job.periodic.validation.master,Job type for periodic master validation.,stable,processing_service,ValidationOrchestratorService,,,,,,,,
_section.03_Schemas,Schema definitions for staging and master sheets.,,,,,,,,,,,
schema.data.CmxProdM,Schema for Comax Products Master sheet.,stable,headers,"cpm_CmxId,cpm_SKU,cpm_NameHe,cpm_Division,cpm_Group,cpm_Vendor,cpm_Brand,cpm_Color,cpm_Size,cpm_Dryness,cpm_Vintage,cpm_IsNew,cpm_IsArchived,cpm_IsActive,cpm_Price,cpm_Stock,cpm_IsWeb,cpm_Exclude",key_column,cpm_CmxId,,,,,,
schema.data.CmxProdS,Schema for Comax Products Staging sheet.,stable,headers,"cps_CmxId,cps_SKU,cps_NameHe,cps_Division,cps_Group,cps_Vendor,cps_Brand,cps_Color,cps_Size,cps_Dryness,cps_Vintage,cps_IsNew,cps_IsArchived,cps_IsActive,cps_Price,cps_Stock,cps_IsWeb,cps_Exclude",key_column,cps_CmxId,,,,,,
schema.data.WebProdM,Schema for Web Products Master sheet.,stable,headers,"wpm_WebIdEn,wpm_SKU,wpm_NameEn,wpm_PublishStatusEn,wpm_Stock,wpm_Price",key_column,wpm_WebIdEn,,,,,,
schema.data.WebDetM,Schema for Web Details Master sheet.,stable,headers,"wdm_WebIdEn,wdm_SKU,wdm_NameEn,wdm_NameHe,wdm_ShortDescrEn,wdm_ShortDescrHe,wdm_DescriptionEn,wdm_DescriptionHe,wdm_Region,wdm_Intensity,wdm_Complexity,wdm_Acidity,wdm_Decant,wdm_PairHarMild,wdm_PairHarRich,wdm_PairHarIntense,wdm_PairHarSweet,wdm_PairConMild,wdm_PairConRich,wdm_PairConIntense,wdm_PairConSweet,wdm_GrapeG1,wdm_GrapeG2,wdm_GrapeG3,wdm_GrapeG4,wdm_GrapeG5,wdm_KashrutK1,wdm_KashrutK2,wdm_KashrutK3,wdm_KashrutK4,wdm_KashrutK5,wdm_HeterMechira,wdm_IsMevushal,wdm_IsSoldIndividually",key_column,wdm_WebIdEn,,,,,,
schema.data.WebProdS_EN,Schema for Web Products Staging sheet (EN).,stable,headers,"wps_ID,wps_Type,wps_SKU,wps_Name,wps_Published,wps_IsFeatured,wps_VisibilityInCatalog,wps_ShortDescription,wps_Description,wps_DateSalePriceStarts,wps_DateSalePriceEnds,wps_TaxStatus,wps_TaxClass,wps_InStock,wps_Stock,wps_BackordersAllowed,wps_SoldIndividually,wps_Weight,wps_Length,wps_Width,wps_Height,wps_AllowCustomerReviews,wps_PurchaseNote,wps_SalePrice,wps_RegularPrice,wps_Categories,wps_Tags,wps_ShippingClass,wps_Images,wps_DownloadLimit,wps_DownloadExpiry,wps_Parent,wps_GroupedProducts,wps_Upsells,wps_CrossSells,wps_ExternalURL,wps_ButtonText,wps_Position,wps_Attribute1Name,wps_Attribute1Value,wps_Attribute1Visible,wps_Attribute1Global,wps_Attribute2Name,wps_Attribute2Value,wps_Attribute2Visible,wps_Attribute2Global,wps_MetaWpmlTranslationHash,wps_MetaWpmlLanguage,wps_MetaWpmlSourceId",key_column,wps_ID,,,,,,
schema.data.WebXltM,Schema for Web Translate Master sheet.,stable,headers,"wxl_WebIdHe,wxl_NameHe,wxl_WebIdEn,wxl_SKU",key_column,wxl_WebIdHe,,,,,,
schema.data.WebXltS,Schema for Web Translate Staging sheet.,stable,headers,"wxs_WebIdHe,wxs_NameHe,wxs_WebIdEn,wxs_SKU",key_column,wxs_WebIdHe,,,,,,
schema.log.SysFileRegistry,Schema for the file registry.,stable,headers,"source_file_id,source_file_name,last_processed_timestamp",,,,,,,,
schema.log.SysJobQueue,Schema for the job queue.,stable,headers,"job_id,job_type,status,archive_file_id,created_timestamp,processed_timestamp,error_message",,,,,,,,
schema.log.SysLog,Schema for the main system log sheet.,stable,headers,"timestamp,level,service,function,message,details",,,,,,,,
schema.data.SysTasks,Schema for the master task list.,stable,headers,"st_TaskId,st_TaskTypeId,st_Topic,st_Title,st_Status,st_Priority,st_AssignedTo,st_LinkedEntityId,st_CreatedDate,st_DueDate,st_DoneDate,st_Notes",,,,,,,,
schema.data.WebOrdS,Schema for Web Order Staging sheet.,stable,headers,"wos_OrderId,wos_OrderNumber,wos_OrderDate,wos_PaidDate,wos_Status,wos_ShippingTotal,wos_ShippingTaxTotal,wos_FeeTotal,wos_FeeTaxTotal,wos_TaxTotal,wos_CartDiscount,wos_OrderDiscount,wos_DiscountTotal,wos_OrderTotal,wos_OrderSubtotal,wos_OrderCurrency,wos_PaymentMethod,wos_PaymentMethodTitle,wos_TransactionId,wos_CustomerIpAddress,wos_CustomerUserAgent,wos_ShippingMethod,wos_CustomerId,wos_CustomerUser,wos_CustomerEmail,wos_BillingFirstName,wos_BillingLastName,wos_BillingCompany,wos_BillingEmail,wos_BillingPhone,wos_BillingAddress1,wos_BillingAddress2,wos_BillingPostcode,wos_BillingCity,wos_BillingState,wos_BillingCountry,wos_ShippingFirstName,wos_ShippingLastName,wos_ShippingCompany,wos_ShippingPhone,wos_ShippingAddress1,wos_ShippingAddress2,wos_ShippingPostcode,wos_ShippingCity,wos_ShippingState,wos_ShippingCountry,wos_CustomerNote,wos_WtImportKey,wos_ShippingItems,wos_FeeItems,wos_TaxItems,wos_CouponItems,wos_RefundItems,wos_OrderNotes,wos_DownloadPermissions,wos_MetaWpmlLanguage,wos_LineItem1,wos_LineItem2,wos_LineItem3,wos_LineItem4,wos_LineItem5,wos_LineItem6,wos_LineItem7,wos_LineItem8,wos_LineItem9,wos_LineItem10,wos_LineItem11,wos_LineItem12,wos_LineItem13,wos_LineItem14,wos_LineItem15,wos_LineItem16,wos_LineItem17,wos_LineItem18,wos_LineItem19,wos_LineItem20,wos_LineItem21,wos_LineItem22,wos_LineItem23,wos_LineItem24,wos_Product_Item_1_Name,wos_Product_Item_1_id,wos_Product_Item_1_SKU,wos_Product_Item_1_Quantity,wos_Product_Item_1_Total,wos_Product_Item_1_Subtotal,wos_Product_Item_2_Name,wos_Product_Item_2_id,wos_Product_Item_2_SKU,wos_Product_Item_2_Quantity,wos_Product_Item_2_Total,wos_Product_Item_2_Subtotal,wos_Product_Item_3_Name,wos_Product_Item_3_id,wos_Product_Item_3_SKU,wos_Product_Item_3_Quantity,wos_Product_Item_3_Total,wos_Product_Item_3_Subtotal,wos_Product_Item_4_Name,wos_Product_Item_4_id,wos_Product_Item_4_SKU,wos_Product_Item_4_Quantity,wos_Product_... [truncated]",,,,,,,,
schema.data.WebOrdM,Schema for Web Orders Master sheet.,stable,headers,"wom_OrderId,wom_OrderNumber,wom_OrderDate,wom_Status,wom_CustomerNote,wom_BillingFirstName,wom_BillingLastName,wom_BillingEmail,wom_BillingPhone,wom_ShippingFirstName,wom_ShippingLastName,wom_ShippingAddress1,wom_ShippingAddress2,wom_ShippingCity,wom_ShippingPhone",,,,,,,,
schema.data.WebOrdItemsM,Schema for Web Order Items Master sheet.,stable,headers,"woi_OrderItemId,woi_OrderId,woi_WebIdEn,woi_SKU,woi_Name,woi_Quantity,woi_ItemTotal",,,,,,,,
schema.data.SysInventoryOnHold,Schema for System On-Hold Inventory sheet.,stable,headers,"sio_SKU,sio_OnHoldQuantity",,,,,,,,
schema.data.SysProductAudit,Schema for the Product Audit sheet (wide format).,stable,headers,"pa_CmxId,pa_SKU,pa_LastCount,pa_ComaxQty,pa_NewQty,pa_BruryaQty,pa_StorageQty,pa_OfficeQty,pa_ShopQty,pa_LastDetailUpdate,pa_LastDetailAudit",,,,,,,,
schema.data.SysOrdLog,Schema for System Order Log sheet.,stable,headers,"sol_OrderId,sol_OrderDate,sol_OrderStatus,sol_PackingStatus,sol_PackingPrintedTimestamp,sol_ComaxExportStatus,sol_ComaxExportTimestamp",,,,,,,,
schema.data.SysPackingCache,Schema for System Packing Cache sheet.,stable,headers,"spc_OrderId,spc_WebIdEn,spc_SKU,spc_Quantity,spc_NameEn,spc_NameHe,spc_Intensity,spc_Complexity,spc_Acidity,spc_Decant,spc_HarmonizeEn,spc_ContrastEn,spc_HarmonizeHe,spc_ContrastHe,spc_GrapeG1Text,spc_GrapeG2Text,spc_GrapeG3Text,spc_GrapeG4Text,spc_GrapeG5Text,spc_KashrutK1Text,spc_KashrutK2Text,spc_KashrutK3Text,spc_KashrutK4Text,spc_KashrutK5Text,spc_HeterMechiraText,spc_IsMevushalText,spc_PrintedFlag,spc_PrintedTimestamp,spc_ReprintCount",,,,,,,,
schema.data.OrderLogArchive,Schema for Order Log Archive sheet.,stable,headers,"sol_OrderId,sol_PackingStatus,sol_PackingPrintedTimestamp,sol_ComaxExportStatus,sol_ComaxExportTimestamp",,,,,,,,
schema.data.WebOrdM_Archive,Schema for Web Orders Master Archive sheet.,stable,headers,"woma_OrderId,woma_OrderNumber,woma_OrderDate,woma_Status,woma_CustomerNote,woma_BillingFirstName,woma_BillingLastName,woma_BillingEmail,woma_BillingPhone,woma_ShippingFirstName,woma_ShippingLastName,woma_ShippingAddress1,woma_ShippingAddress2,woma_ShippingCity,woma_ShippingPhone",,,,,,,,
schema.data.WebOrdItemsM_Archive,Schema for Web Order Items Master Archive sheet.,stable,headers,"woia_OrderItemId,woia_OrderId,woia_WebIdEn,woia_SKU,woia_Name,woia_Quantity,woia_ItemTotal",,,,,,,,
_section.04_Mappings,Header and value mappings for data transformation.,,,,,,,,,,,
map.comax.product_columns,Maps column index to field name for the raw Comax Product CSV.,stable,0,cpm_CmxId,,,,,,,,
map.comax.product_columns,Maps column index to field name for the raw Comax Product CSV.,stable,1,cpm_SKU,,,,,,,,
map.comax.product_columns,Maps column index to field name for the raw Comax Product CSV.,stable,2,cpm_NameHe,,,,,,,,
map.comax.product_columns,Maps column index to field name for the raw Comax Product CSV.,stable,3,cpm_Division,,,,,,,,
map.comax.product_columns,Maps column index to field name for the raw Comax Product CSV.,stable,4,cpm_Group,,,,,,,,
map.comax.product_columns,Maps column index to field name for the raw Comax Product CSV.,stable,5,cpm_Vendor,,,,,,,,
map.comax.product_columns,Maps column index to field name for the raw Comax Product CSV.,stable,6,cpm_Brand,,,,,,,,
map.comax.product_columns,Maps column index to field name for the raw Comax Product CSV.,stable,7,cpm_Color,,,,,,,,
map.comax.product_columns,Maps column index to field name for the raw Comax Product CSV.,stable,8,cpm_Size,,,,,,,,
map.comax.product_columns,Maps column index to field name for the raw Comax Product CSV.,stable,9,cpm_Dryness,,,,,,,,
map.comax.product_columns,Maps column index to field name for the raw Comax Product CSV.,stable,10,cpm_Vintage,,,,,,,,
map.comax.product_columns,Maps column index to field name for the raw Comax Product CSV.,stable,11,cpm_IsNew,,,,,,,,
map.comax.product_columns,Maps column index to field name for the raw Comax Product CSV.,stable,12,cpm_IsArchived,,,,,,,,
map.comax.product_columns,Maps column index to field name for the raw Comax Product CSV.,stable,13,cpm_IsActive,,,,,,,,
map.comax.product_columns,Maps column index to field name for the raw Comax Product CSV.,stable,14,cpm_Price,,,,,,,,
map.comax.product_columns,Maps column index to field name for the raw Comax Product CSV.,stable,15,cpm_Stock,,,,,,,,
map.comax.product_columns,Maps column index to field name for the raw Comax Product CSV.,stable,16,cpm_IsWeb,,,,,,,,
map.comax.product_columns,Maps column index to field name for the raw Comax Product CSV.,stable,17,cpm_Exclude,,,,,,,,
map.staging_to_master.web_orders,Maps WebOrdS staging columns to WebOrdM master columns.,stable,wos_OrderId,wom_OrderId,,,,,,,,
map.staging_to_master.web_orders,Maps WebOrdS staging columns to WebOrdM master columns.,stable,wos_OrderNumber,wom_OrderNumber,,,,,,,,
map.staging_to_master.web_orders,Maps WebOrdS staging columns to WebOrdM master columns.,stable,wos_OrderDate,wom_OrderDate,,,,,,,,
map.staging_to_master.web_orders,Maps WebOrdS staging columns to WebOrdM master columns.,stable,wos_Status,wom_Status,,,,,,,,
map.staging_to_master.web_orders,Maps WebOrdS staging columns to WebOrdM master columns.,stable,wos_CustomerNote,wom_CustomerNote,,,,,,,,
map.staging_to_master.web_orders,Maps WebOrdS staging columns to WebOrdM master columns.,stable,wos_BillingFirstName,wom_BillingFirstName,,,,,,,,
map.staging_to_master.web_orders,Maps WebOrdS staging columns to WebOrdM master columns.,stable,wos_BillingLastName,wom_BillingLastName,,,,,,,,
map.staging_to_master.web_orders,Maps WebOrdS staging columns to WebOrdM master columns.,stable,wos_BillingEmail,wom_BillingEmail,,,,,,,,
map.staging_to_master.web_orders,Maps WebOrdS staging columns to WebOrdM master columns.,stable,wos_BillingPhone,wom_BillingPhone,,,,,,,,
map.staging_to_master.web_orders,Maps WebOrdS staging columns to WebOrdM master columns.,stable,wos_ShippingFirstName,wom_ShippingFirstName,,,,,,,,
map.staging_to_master.web_orders,Maps WebOrdS staging columns to WebOrdM master columns.,stable,wos_ShippingLastName,wom_ShippingLastName,,,,,,,,
map.staging_to_master.web_orders,Maps WebOrdS staging columns to WebOrdM master columns.,stable,wos_ShippingAddress1,wom_ShippingAddress1,,,,,,,,
map.staging_to_master.web_orders,Maps WebOrdS staging columns to WebOrdM master columns.,stable,wos_ShippingAddress2,wom_ShippingAddress2,,,,,,,,
map.staging_to_master.web_orders,Maps WebOrdS staging columns to WebOrdM master columns.,stable,wos_ShippingCity,wom_ShippingCity,,,,,,,,
map.staging_to_master.web_orders,Maps WebOrdS staging columns to WebOrdM master columns.,stable,wos_ShippingPhone,wom_ShippingPhone,,,,,,,,
map.staging_to_master.web_products,Maps WebProdS_EN staging columns to WebProdM master columns.,stable,wps_Stock,wpm_Stock,,,,,,,,
map.staging_to_master.web_products,Maps WebProdS_EN staging columns to WebProdM master columns.,stable,wps_RegularPrice,wpm_Price,,,,,,,,
map.staging_to_master.web_products,Maps WebProdS_EN staging columns to WebProdM master columns.,stable,wps_Published,wpm_PublishStatusEn,,,,,,,,
map.web.product_columns,Maps WooCommerce CSV headers to internal field names for staging.,stable,ID,wps_ID,,,,,,,,
map.web.product_columns,Maps WooCommerce CSV headers to internal field names for staging.,stable,SKU,wps_SKU,,,,,,,,
map.web.product_columns,Maps WooCommerce CSV headers to internal field names for staging.,stable,Name,wps_Name,,,,,,,,
map.web.product_columns,Maps WooCommerce CSV headers to internal field names for staging.,stable,Published,wps_Published,,,,,,,,
map.web.product_columns,Maps WooCommerce CSV headers to internal field names for staging.,stable,Stock,wps_Stock,,,,,,,,
map.web.order_columns,Maps WooCommerce CSV headers to internal field names for staging.,stable,order_id,wos_OrderId,,,,,,,,
map.web.order_columns,Maps WooCommerce CSV headers to internal field names for staging.,stable,order_number,wos_OrderNumber,,,,,,,,
map.web.order_columns,Maps WooCommerce CSV headers to internal field names for staging.,stable,order_date,wos_OrderDate,,,,,,,,
map.web.order_columns,Maps WooCommerce CSV headers to internal field names for staging.,stable,paid_date,wos_PaidDate,,,,,,,,
map.web.order_columns,Maps WooCommerce CSV headers to internal field names for staging.,stable,status,wos_Status,,,,,,,,
map.web.order_columns,Maps WooCommerce CSV headers to internal field names for staging.,stable,shipping_total,wos_ShippingTotal,,,,,,,,
map.web.order_columns,Maps WooCommerce CSV headers to internal field names for staging.,stable,shipping_tax_total,wos_ShippingTaxTotal,,,,,,,,
map.web.order_columns,Maps WooCommerce CSV headers to internal field names for staging.,stable,fee_total,wos_FeeTotal,,,,,,,,
map.web.order_columns,Maps WooCommerce CSV headers to internal field names for staging.,stable,fee_tax_total,wos_FeeTaxTotal,,,,,,,,
map.web.order_columns,Maps WooCommerce CSV headers to internal field names for staging.,stable,tax_total,wos_TaxTotal,,,,,,,,
map.web.order_columns,Maps WooCommerce CSV headers to internal field names for staging.,stable,cart_discount,wos_CartDiscount,,,,,,,,
map.web.order_columns,Maps WooCommerce CSV headers to internal field names for staging.,stable,order_discount,wos_OrderDiscount,,,,,,,,
map.web.order_columns,Maps WooCommerce CSV headers to internal field names for staging.,stable,discount_total,wos_DiscountTotal,,,,,,,,
map.web.order_columns,Maps WooCommerce CSV headers to internal field names for staging.,stable,order_total,wos_OrderTotal,,,,,,,,
map.web.order_columns,Maps WooCommerce CSV headers to internal field names for staging.,stable,order_subtotal,wos_OrderSubtotal,,,,,,,,
map.web.order_columns,Maps WooCommerce CSV headers to internal field names for staging.,stable,order_currency,wos_OrderCurrency,,,,,,,,
map.web.order_columns,Maps WooCommerce CSV headers to internal field names for staging.,stable,payment_method,wos_PaymentMethod,,,,,,,,
map.web.order_columns,Maps WooCommerce CSV headers to internal field names for staging.,stable,payment_method_title,wos_PaymentMethodTitle,,,,,,,,
map.web.order_columns,Maps WooCommerce CSV headers to internal field names for staging.,stable,transaction_id,wos_TransactionId,,,,,,,,
map.web.order_columns,Maps WooCommerce CSV headers to internal field names for staging.,stable,customer_ip_address,wos_CustomerIpAddress,,,,,,,,
map.web.order_columns,Maps WooCommerce CSV headers to internal field names for staging.,stable,customer_user_agent,wos_CustomerUserAgent,,,,,,,,
map.web.order_columns,Maps WooCommerce CSV headers to internal field names for staging.,stable,shipping_method,wos_ShippingMethod,,,,,,,,
map.web.order_columns,Maps WooCommerce CSV headers to internal field names for staging.,stable,customer_id,wos_CustomerId,,,,,,,,
map.web.order_columns,Maps WooCommerce CSV headers to internal field names for staging.,stable,customer_user,wos_CustomerUser,,,,,,,,
map.web.order_columns,Maps WooCommerce CSV headers to internal field names for staging.,stable,customer_email,wos_CustomerEmail,,,,,,,,
map.web.order_columns,Maps WooCommerce CSV headers to internal field names for staging.,stable,billing_first_name,wos_BillingFirstName,,,,,,,,
map.web.order_columns,Maps WooCommerce CSV headers to internal field names for staging.,stable,billing_last_name,wos_BillingLastName,,,,,,,,
map.web.order_columns,Maps WooCommerce CSV headers to internal field names for staging.,stable,billing_company,wos_BillingCompany,,,,,,,,
map.web.order_columns,Maps WooCommerce CSV headers to internal field names for staging.,stable,billing_email,wos_BillingEmail,,,,,,,,
map.web.order_columns,Maps WooCommerce CSV headers to internal field names for staging.,stable,billing_phone,wos_BillingPhone,,,,,,,,
map.web.order_columns,Maps WooCommerce CSV headers to internal field names for staging.,stable,billing_address_1,wos_BillingAddress1,,,,,,,,
map.web.order_columns,Maps WooCommerce CSV headers to internal field names for staging.,stable,billing_address_2,wos_BillingAddress2,,,,,,,,
map.web.order_columns,Maps WooCommerce CSV headers to internal field names for staging.,stable,billing_postcode,wos_BillingPostcode,,,,,,,,
map.web.order_columns,Maps WooCommerce CSV headers to internal field names for staging.,stable,billing_city,wos_BillingCity,,,,,,,,
map.web.order_columns,Maps WooCommerce CSV headers to internal field names for staging.,stable,billing_state,wos_BillingState,,,,,,,,
map.web.order_columns,Maps WooCommerce CSV headers to internal field names for staging.,stable,billing_country,wos_BillingCountry,,,,,,,,
map.web.order_columns,Maps WooCommerce CSV headers to internal field names for staging.,stable,shipping_first_name,wos_ShippingFirstName,,,,,,,,
map.web.order_columns,Maps WooCommerce CSV headers to internal field names for staging.,stable,shipping_last_name,wos_ShippingLastName,,,,,,,,
map.web.order_columns,Maps WooCommerce CSV headers to internal field names for staging.,stable,shipping_company,wos_ShippingCompany,,,,,,,,
map.web.order_columns,Maps WooCommerce CSV headers to internal field names for staging.,stable,shipping_phone,wos_ShippingPhone,,,,,,,,
map.web.order_columns,Maps WooCommerce CSV headers to internal field names for staging.,stable,shipping_address_1,wos_ShippingAddress1,,,,,,,,
map.web.order_columns,Maps WooCommerce CSV headers to internal field names for staging.,stable,shipping_address_2,wos_ShippingAddress2,,,,,,,,
map.web.order_columns,Maps WooCommerce CSV headers to internal field names for staging.,stable,shipping_postcode,wos_ShippingPostcode,,,,,,,,
map.web.order_columns,Maps WooCommerce CSV headers to internal field names for staging.,stable,shipping_city,wos_ShippingCity,,,,,,,,
map.web.order_columns,Maps WooCommerce CSV headers to internal field names for staging.,stable,shipping_state,wos_ShippingState,,,,,,,,
map.web.order_columns,Maps WooCommerce CSV headers to internal field names for staging.,stable,shipping_country,wos_ShippingCountry,,,,,,,,
map.web.order_columns,Maps WooCommerce CSV headers to internal field names for staging.,stable,customer_note,wos_CustomerNote,,,,,,,,
map.web.order_columns,Maps WooCommerce CSV headers to internal field names for staging.,stable,wt_import_key,wos_WtImportKey,,,,,,,,
map.web.order_columns,Maps WooCommerce CSV headers to internal field names for staging.,stable,shipping_items,wos_ShippingItems,,,,,,,,
map.web.order_columns,Maps WooCommerce CSV headers to internal field names for staging.,stable,fee_items,wos_FeeItems,,,,,,,,
map.web.order_columns,Maps WooCommerce CSV headers to internal field names for staging.,stable,tax_items,wos_TaxItems,,,,,,,,
map.web.order_columns,Maps WooCommerce CSV headers to internal field names for staging.,stable,coupon_items,wos_CouponItems,,,,,,,,
map.web.order_columns,Maps WooCommerce CSV headers to internal field names for staging.,stable,refund_items,wos_RefundItems,,,,,,,,
map.web.order_columns,Maps WooCommerce CSV headers to internal field names for staging.,stable,order_notes,wos_OrderNotes,,,,,,,,
map.web.order_columns,Maps WooCommerce CSV headers to internal field names for staging.,stable,download_permissions,wos_DownloadPermissions,,,,,,,,
map.web.order_columns,Maps WooCommerce CSV headers to internal field names for staging.,stable,meta:wpml_language,wos_MetaWpmlLanguage,,,,,,,,
map.web.order_columns,Maps WooCommerce CSV headers to internal field names for staging.,stable,line_item_1,wos_LineItem1,,,,,,,,
map.web.order_columns,Maps WooCommerce CSV headers to internal field names for staging.,stable,line_item_2,wos_LineItem2,,,,,,,,
map.web.order_columns,Maps WooCommerce CSV headers to internal field names for staging.,stable,line_item_3,wos_LineItem3,,,,,,,,
map.web.order_columns,Maps WooCommerce CSV headers to internal field names for staging.,stable,line_item_4,wos_LineItem4,,,,,,,,
map.web.order_columns,Maps WooCommerce CSV headers to internal field names for staging.,stable,line_item_5,wos_LineItem5,,,,,,,,
map.web.order_columns,Maps WooCommerce CSV headers to internal field names for staging.,stable,line_item_6,wos_LineItem6,,,,,,,,
map.web.order_columns,Maps WooCommerce CSV headers to internal field names for staging.,stable,line_item_7,wos_LineItem7,,,,,,,,
map.web.order_columns,Maps WooCommerce CSV headers to internal field names for staging.,stable,line_item_8,wos_LineItem8,,,,,,,,
map.web.order_columns,Maps WooCommerce CSV headers to internal field names for staging.,stable,line_item_9,wos_LineItem9,,,,,,,,
map.web.order_columns,Maps WooCommerce CSV headers to internal field names for staging.,stable,line_item_10,wos_LineItem10,,,,,,,,
map.web.order_columns,Maps WooCommerce CSV headers to internal field names for staging.,stable,line_item_11,wos_LineItem11,,,,,,,,
map.web.order_columns,Maps WooCommerce CSV headers to internal field names for staging.,stable,line_item_12,wos_LineItem12,,,,,,,,
map.web.order_columns,Maps WooCommerce CSV headers to internal field names for staging.,stable,line_item_13,wos_LineItem13,,,,,,,,
map.web.order_columns,Maps WooCommerce CSV headers to internal field names for staging.,stable,line_item_14,wos_LineItem14,,,,,,,,
map.web.order_columns,Maps WooCommerce CSV headers to internal field names for staging.,stable,line_item_15,wos_LineItem15,,,,,,,,
map.web.order_columns,Maps WooCommerce CSV headers to internal field names for staging.,stable,line_item_16,wos_LineItem16,,,,,,,,
map.web.order_columns,Maps WooCommerce CSV headers to internal field names for staging.,stable,line_item_17,wos_LineItem17,,,,,,,,
map.web.order_columns,Maps WooCommerce CSV headers to internal field names for staging.,stable,line_item_18,wos_LineItem18,,,,,,,,
map.web.order_columns,Maps WooCommerce CSV headers to internal field names for staging.,stable,line_item_19,wos_LineItem19,,,,,,,,
map.web.order_columns,Maps WooCommerce CSV headers to internal field names for staging.,stable,line_item_20,wos_LineItem20,,,,,,,,
map.web.order_columns,Maps WooCommerce CSV headers to internal field names for staging.,stable,line_item_21,wos_LineItem21,,,,,,,,
map.web.order_columns,Maps WooCommerce CSV headers to internal field names for staging.,stable,line_item_22,wos_LineItem22,,,,,,,,
map.web.order_columns,Maps WooCommerce CSV headers to internal field names for staging.,stable,line_item_23,wos_LineItem23,,,,,,,,
map.web.order_columns,Maps WooCommerce CSV headers to internal field names for staging.,stable,line_item_24,wos_LineItem24,,,,,,,,
map.web.translation_columns,Maps wehe.csv headers to internal field names for staging.,stable,id,wxs_WebIdHe,,,,,,,,
map.web.translation_columns,Maps wehe.csv headers to internal field names for staging.,stable,post_title,wxs_NameHe,,,,,,,,
map.web.translation_columns,Maps wehe.csv headers to internal field names for staging.,stable,wpml:original_product_id,wxs_WebIdEn,,,,,,,,
map.web.translation_columns,Maps wehe.csv headers to internal field names for staging.,stable,sku,wxs_SKU,,,,,,,,
web.order.line_item_schema,Defines the schema for WooCommerce order line items.,stable,line_item_prefix,wos_LineItem,,,,,,,,
web.order.line_item_schema,Defines the schema for WooCommerce order line items.,stable,product_item_prefix,wos_Product_Item_,,,,,,,,
web.order.line_item_schema,Defines the schema for WooCommerce order line items.,stable,max_line_items,24,,,,,,,,
web.order.line_item_schema,Defines the schema for WooCommerce order line items.,stable,product_item_fields,"Name,id,SKU,Quantity,Total,Subtotal",,,,,,,,
_section.05_Validation,Rules for the data validation engine.,,,,,,,,,,,
validation.rule.D2_ComaxS_NegativeStock,[D2] Negative inventory in Comax Staging.,stable,enabled,TRUE,,,,,,,,
validation.rule.D2_ComaxS_NegativeStock,[D2] Negative inventory in Comax Staging.,stable,validation_suite,comax_staging,,,,,,,,
validation.rule.D2_ComaxS_NegativeStock,[D2] Negative inventory in Comax Staging.,stable,test_type,INTERNAL_AUDIT,,,,,,,,
validation.rule.D2_ComaxS_NegativeStock,[D2] Negative inventory in Comax Staging.,stable,source_sheet,CmxProdS,,,,,,,,
validation.rule.D2_ComaxS_NegativeStock,[D2] Negative inventory in Comax Staging.,stable,condition,"cps_Stock,<,0",,,,,,,,
validation.rule.D2_ComaxS_NegativeStock,[D2] Negative inventory in Comax Staging.,stable,on_failure_task_type,task.validation.comax_internal_audit,,,,,,,,
validation.rule.D2_ComaxS_NegativeStock,[D2] Negative inventory in Comax Staging.,stable,on_failure_title,Negative Stock: ${cps_NameHe},,,,,,,,
validation.rule.D2_ComaxS_NegativeStock,[D2] Negative inventory in Comax Staging.,stable,on_failure_notes,SKU ${cps_SKU} (${cps_NameHe}) has a negative stock value of ${cps_Stock} in the latest Comax import.,,,,,,,,
validation.rule.C_ComaxS_RowCountDecrease,[C] Comax Staging row count decreased compared to Master.,stable,enabled,TRUE,,,,,,,,
validation.rule.C_ComaxS_RowCountDecrease,[C] Comax Staging row count decreased compared to Master.,stable,validation_suite,comax_staging,,,,,,,,
validation.rule.C_ComaxS_RowCountDecrease,[C] Comax Staging row count decreased compared to Master.,stable,test_type,ROW_COUNT_COMPARISON,,,,,,,,
validation.rule.C_ComaxS_RowCountDecrease,[C] Comax Staging row count decreased compared to Master.,stable,source_sheet,CmxProdM,,,,,,,,
validation.rule.C_ComaxS_RowCountDecrease,[C] Comax Staging row count decreased compared to Master.,stable,target_sheet,CmxProdS,,,,,,,,
validation.rule.C_ComaxS_RowCountDecrease,[C] Comax Staging row count decreased compared to Master.,stable,on_failure_quarantine,TRUE,,,,,,,,
validation.rule.C_ComaxS_RowCountDecrease,[C] Comax Staging row count decreased compared to Master.,stable,on_failure_task_type,task.validation.row_count_decrease,,,,,,,,
validation.rule.C_ComaxS_RowCountDecrease,[C] Comax Staging row count decreased compared to Master.,stable,on_failure_title,Comax Import Row Count Decreased,,,,,,,,
validation.rule.C_ComaxS_RowCountDecrease,[C] Comax Staging row count decreased compared to Master.,stable,on_failure_notes,The number of rows in CmxProdS (${targetRowCount}) is less than the number of rows in CmxProdM (${sourceRowCount}). This may indicate a partial or damaged Comax import file.,,,,,,,,
validation.rule.W_WebS_RowCountDecrease,[W] Web Products Staging row count decreased compared to Master.,stable,enabled,TRUE,,,,,,,,
validation.rule.W_WebS_RowCountDecrease,[W] Web Products Staging row count decreased compared to Master.,stable,validation_suite,web_staging,,,,,,,,
validation.rule.W_WebS_RowCountDecrease,[W] Web Products Staging row count decreased compared to Master.,stable,test_type,ROW_COUNT_COMPARISON,,,,,,,,
validation.rule.W_WebS_RowCountDecrease,[W] Web Products Staging row count decreased compared to Master.,stable,source_sheet,WebProdM,,,,,,,,
validation.rule.W_WebS_RowCountDecrease,[W] Web Products Staging row count decreased compared to Master.,stable,target_sheet,WebProdS_EN,,,,,,,,
validation.rule.W_WebS_RowCountDecrease,[W] Web Products Staging row count decreased compared to Master.,stable,on_failure_quarantine,TRUE,,,,,,,,
validation.rule.W_WebS_RowCountDecrease,[W] Web Products Staging row count decreased compared to Master.,stable,on_failure_task_type,task.validation.row_count_decrease,,,,,,,,
validation.rule.W_WebS_RowCountDecrease,[W] Web Products Staging row count decreased compared to Master.,stable,on_failure_title,Web Products Import Row Count Decreased,,,,,,,,
validation.rule.W_WebS_RowCountDecrease,[W] Web Products Staging row count decreased compared to Master.,stable,on_failure_notes,The number of rows in WebProdS_EN (${targetRowCount}) is less than the number of rows in WebProdM (${sourceRowCount}). This may indicate a partial or damaged Web Products import file.,,,,,,,,
validation.rule.X_WebXltS_RowCountDecrease,[X] Web Translations Staging row count decreased compared to Master.,stable,enabled,TRUE,,,,,,,,
validation.rule.X_WebXltS_RowCountDecrease,[X] Web Translations Staging row count decreased compared to Master.,stable,validation_suite,web_xlt_staging,,,,,,,,
validation.rule.X_WebXltS_RowCountDecrease,[X] Web Translations Staging row count decreased compared to Master.,stable,test_type,ROW_COUNT_COMPARISON,,,,,,,,
validation.rule.X_WebXltS_RowCountDecrease,[X] Web Translations Staging row count decreased compared to Master.,stable,source_sheet,WebXltM,,,,,,,,
validation.rule.X_WebXltS_RowCountDecrease,[X] Web Translations Staging row count decreased compared to Master.,stable,target_sheet,WebXltS,,,,,,,,
validation.rule.X_WebXltS_RowCountDecrease,[X] Web Translations Staging row count decreased compared to Master.,stable,on_failure_quarantine,TRUE,,,,,,,,
validation.rule.X_WebXltS_RowCountDecrease,[X] Web Translations Staging row count decreased compared to Master.,stable,on_failure_task_type,task.validation.row_count_decrease,,,,,,,,
validation.rule.X_WebXltS_RowCountDecrease,[X] Web Translations Staging row count decreased compared to Master.,stable,on_failure_title,Web Translations Import Row Count Decreased,,,,,,,,
validation.rule.X_WebXltS_RowCountDecrease,[X] Web Translations Staging row count decreased compared to Master.,stable,on_failure_notes,The number of rows in WebXltS (${targetRowCount}) is less than the number of rows in WebXltM (${sourceRowCount}). This may indicate a partial or damaged Web Translations import file.,,,,,,,,
validation.rule.WebXlt_ColumnMismatch,[WebXlt] Column mismatch between WebXltM and WebXltS.,stable,enabled,TRUE,,,,,,,,
validation.rule.WebXlt_ColumnMismatch,[WebXlt] Column mismatch between WebXltM and WebXltS.,stable,test_type,SCHEMA_COMPARISON,,,,,,,,
validation.rule.WebXlt_ColumnMismatch,[WebXlt] Column mismatch between WebXltM and WebXltS.,stable,source_schema,schema.data.WebXltM,,,,,,,,
validation.rule.WebXlt_ColumnMismatch,[WebXlt] Column mismatch between WebXltM and WebXltS.,stable,target_schema,schema.data.WebXltS,,,,,,,,
validation.rule.WebXlt_ColumnMismatch,[WebXlt] Column mismatch between WebXltM and WebXltS.,stable,on_failure_task_type,task.validation.webxlt_data_integrity,,,,,,,,
validation.rule.WebXlt_ColumnMismatch,[WebXlt] Column mismatch between WebXltM and WebXltS.,stable,on_failure_title,WebXlt Schema Mismatch: Columns,,,,,,,,
validation.rule.WebXlt_ColumnMismatch,[WebXlt] Column mismatch between WebXltM and WebXltS.,stable,on_failure_notes,The columns in WebXltS do not match the expected schema from WebXltM.,,,,,,,,
validation.rule.WebXlt_RowCountMismatch,[WebXlt] Row count mismatch between WebXltS and WebXltM.,stable,enabled,TRUE,,,,,,,,
validation.rule.WebXlt_RowCountMismatch,[WebXlt] Row count mismatch between WebXltS and WebXltM.,stable,test_type,ROW_COUNT_COMPARISON,,,,,,,,
validation.rule.WebXlt_RowCountMismatch,[WebXlt] Row count mismatch between WebXltS and WebXltM.,stable,source_sheet,WebXltM,,,,,,,,
validation.rule.WebXlt_RowCountMismatch,[WebXlt] Row count mismatch between WebXltS and WebXltM.,stable,target_sheet,WebXltS,,,,,,,,
validation.rule.WebXlt_RowCountMismatch,[WebXlt] Row count mismatch between WebXltS and WebXltM.,stable,on_failure_task_type,task.validation.webxlt_data_integrity,,,,,,,,
validation.rule.WebXlt_RowCountMismatch,[WebXlt] Row count mismatch between WebXltS and WebXltM.,stable,on_failure_title,WebXlt Row Count Mismatch,,,,,,,,
validation.rule.WebXlt_RowCountMismatch,[WebXlt] Row count mismatch between WebXltS and WebXltM.,stable,on_failure_notes,The number of rows in WebXltS is less than the number of rows in WebXltM.,,,,,,,,
validation.rule.WebXlt_EmptyCells,[WebXlt] Empty cells found in populated columns of WebXltS.,stable,enabled,TRUE,,,,,,,,
validation.rule.WebXlt_EmptyCells,[WebXlt] Empty cells found in populated columns of WebXltS.,stable,test_type,DATA_COMPLETENESS,,,,,,,,
validation.rule.WebXlt_EmptyCells,[WebXlt] Empty cells found in populated columns of WebXltS.,stable,source_sheet,WebXltS,,,,,,,,
validation.rule.WebXlt_EmptyCells,[WebXlt] Empty cells found in populated columns of WebXltS.,stable,on_failure_task_type,task.validation.webxlt_data_integrity,,,,,,,,
validation.rule.WebXlt_EmptyCells,[WebXlt] Empty cells found in populated columns of WebXltS.,stable,on_failure_title,WebXlt Data Incompleteness,,,,,,,,
validation.rule.WebXlt_EmptyCells,[WebXlt] Empty cells found in populated columns of WebXltS.,stable,on_failure_notes,Empty cells were found in populated columns of the WebXltS sheet.,,,,,,,,
validation.rule.C6_Comax_VintageMismatch,[C6] Vintage mismatch between Comax Master and Staging.,stable,enabled,TRUE,,,,,,,,
validation.rule.C6_Comax_VintageMismatch,[C6] Vintage mismatch between Comax Master and Staging.,stable,validation_suite,comax_staging,,,,,,,,
validation.rule.C6_Comax_VintageMismatch,[C6] Vintage mismatch between Comax Master and Staging.,stable,test_type,FIELD_COMPARISON,,,,,,,,
validation.rule.C6_Comax_VintageMismatch,[C6] Vintage mismatch between Comax Master and Staging.,stable,sheet_A,CmxProdM,,,,,,,,
validation.rule.C6_Comax_VintageMismatch,[C6] Vintage mismatch between Comax Master and Staging.,stable,sheet_B,CmxProdS,,,,,,,,
validation.rule.C6_Comax_VintageMismatch,[C6] Vintage mismatch between Comax Master and Staging.,stable,key_A,cpm_SKU,,,,,,,,
validation.rule.C6_Comax_VintageMismatch,[C6] Vintage mismatch between Comax Master and Staging.,stable,key_B,cps_SKU,,,,,,,,
validation.rule.C6_Comax_VintageMismatch,[C6] Vintage mismatch between Comax Master and Staging.,stable,compare_fields,"cpm_Vintage,cps_Vintage",,,,,,,,
validation.rule.C6_Comax_VintageMismatch,[C6] Vintage mismatch between Comax Master and Staging.,stable,on_failure_task_type,task.validation.field_mismatch,,,,,,,,
validation.rule.C6_Comax_VintageMismatch,[C6] Vintage mismatch between Comax Master and Staging.,stable,on_failure_title,Comax Vintage Mismatch: ${cpm_NameHe},,,,,,,,
validation.rule.C6_Comax_VintageMismatch,[C6] Vintage mismatch between Comax Master and Staging.,stable,on_failure_notes,SKU ${cpm_SKU} has a different vintage in master (${cpm_Vintage}) versus staging (${cps_Vintage}).,,,,,,,,
validation.rule.A1_WebS_NotIn_WebM,[A1] Web Staging product not in Web Master.,stable,enabled,TRUE,,,,,,,,
validation.rule.A1_WebS_NotIn_WebM,[A1] Web Staging product not in Web Master.,stable,validation_suite,web_staging,,,,,,,,
validation.rule.A1_WebS_NotIn_WebM,[A1] Web Staging product not in Web Master.,stable,test_type,EXISTENCE_CHECK,,,,,,,,
validation.rule.A1_WebS_NotIn_WebM,[A1] Web Staging product not in Web Master.,stable,source_sheet,WebProdS_EN,,,,,,,,
validation.rule.A1_WebS_NotIn_WebM,[A1] Web Staging product not in Web Master.,stable,source_key,wps_ID,,,,,,,,
validation.rule.A1_WebS_NotIn_WebM,[A1] Web Staging product not in Web Master.,stable,target_sheet,WebProdM,,,,,,,,
validation.rule.A1_WebS_NotIn_WebM,[A1] Web Staging product not in Web Master.,stable,target_key,wpm_WebIdEn,,,,,,,,
validation.rule.A1_WebS_NotIn_WebM,[A1] Web Staging product not in Web Master.,stable,invert_result,TRUE,,,,,,,,
validation.rule.A1_WebS_NotIn_WebM,[A1] Web Staging product not in Web Master.,stable,on_failure_task_type,task.validation.web_master_discrepancy,,,,,,,,
validation.rule.A1_WebS_NotIn_WebM,[A1] Web Staging product not in Web Master.,stable,on_failure_title,New Web Product: ${wps_Name},,,,,,,,
validation.rule.A1_WebS_NotIn_WebM,[A1] Web Staging product not in Web Master.,stable,on_failure_notes,Product SKU ${wps_SKU} exists in the web import but not in the Web Master sheet.,,,,,,,,
validation.rule.A3_Web_SKUMismatch,[A3] SKU mismatch between Web Master and Staging.,stable,enabled,TRUE,,,,,,,,
validation.rule.A3_Web_SKUMismatch,[A3] SKU mismatch between Web Master and Staging.,stable,validation_suite,web_staging,,,,,,,,
validation.rule.A3_Web_SKUMismatch,[A3] SKU mismatch between Web Master and Staging.,stable,test_type,FIELD_COMPARISON,,,,,,,,
validation.rule.A3_Web_SKUMismatch,[[A3] SKU mismatch between Web Master and Staging.,stable,sheet_A,WebProdM,,,,,,,,
validation.rule.A3_Web_SKUMismatch,[A3] SKU mismatch between Web Master and Staging.,stable,sheet_B,WebProdS_EN,,,,,,,,
validation.rule.A3_Web_SKUMismatch,[A3] SKU mismatch between Web Master and Staging.,stable,key_A,wpm_WebIdEn,,,,,,,,
validation.rule.A3_Web_SKUMismatch,[A3] SKU mismatch between Web Master and Staging.,stable,key_B,wps_ID,,,,,,,,
validation.rule.A3_Web_SKUMismatch,[A3] SKU mismatch between Web Master and Staging.,stable,compare_fields,"wpm_SKU,wps_SKU",,,,,,,,
validation.rule.A3_Web_SKUMismatch,[A3] SKU mismatch between Web Master and Staging.,stable,on_failure_task_type,task.validation.web_master_discrepancy,,,,,,,,
validation.rule.A3_Web_SKUMismatch,[A3] SKU mismatch between Web Master and Staging.,stable,on_failure_title,Web SKU Mismatch: ${wps_Name},,,,,,,,
validation.rule.A3_Web_SKUMismatch,[A3] SKU mismatch between Web Master and Staging.,stable,on_failure_notes,"Product '${wps_Name}' (ID: ${wps_ID}) has a SKU mismatch. Master SKU: '${wpm_SKU}', Staging SKU: '${wps_SKU}'.",,,,,,,,
validation.rule.A4_Web_NameMismatch,[A4] Name mismatch between Web Master and Staging.,stable,enabled,TRUE,,,,,,,,
validation.rule.A4_Web_NameMismatch,[A4] Name mismatch between Web Master and Staging.,stable,validation_suite,web_staging,,,,,,,,
validation.rule.A4_Web_NameMismatch,[A4] Name mismatch between Web Master and Staging.,stable,test_type,FIELD_COMPARISON,,,,,,,,
validation.rule.A4_Web_NameMismatch,[A4] Name mismatch between Web Master and Staging.,stable,sheet_A,WebDetM,,,,,,,,
validation.rule.A4_Web_NameMismatch,[A4] Name mismatch between Web Master and Staging.,stable,sheet_B,WebProdS_EN,,,,,,,,
validation.rule.A4_Web_NameMismatch,[A4] Name mismatch between Web Master and Staging.,stable,key_A,wdm_WebIdEn,,,,,,,,
validation.rule.A4_Web_NameMismatch,[A4] Name mismatch between Web Master and Staging.,stable,key_B,wps_ID,,,,,,,,
validation.rule.A4_Web_NameMismatch,[A4] Name mismatch between Web Master and Staging.,stable,compare_fields,"wdm_NameEn,wps_Name",,,,,,,,
validation.rule.A4_Web_NameMismatch,[A4] Name mismatch between Web Master and Staging.,stable,on_failure_task_type,task.validation.name_mismatch,,,,,,,,
validation.rule.A4_Web_NameMismatch,[A4] Name mismatch between Web Master and Staging.,stable,on_failure_title,Web Name Mismatch: ${wps_Name},,,,,,,,
validation.rule.A4_Web_NameMismatch,[A4] Name mismatch between Web Master and Staging.,stable,on_failure_notes,"Product '${wps_Name}' (ID: ${wps_ID}) has a name mismatch. Master: '${wdm_NameEn}', Staging: '${wps_Name}'.",,,,,,,,
validation.rule.A2_WebM_NotIn_WebS,[A2] Web Master product not in Web Staging.,stable,enabled,TRUE,,,,,,,,
validation.rule.A2_WebM_NotIn_WebS,[A2] Web Master product not in Web Staging.,stable,validation_suite,web_staging,,,,,,,,
validation.rule.A2_WebM_NotIn_WebS,[A2] Web Master product not in Web Staging.,stable,test_type,EXISTENCE_CHECK,,,,,,,,
validation.rule.A2_WebM_NotIn_WebS,[A2] Web Master product not in Web Staging.,stable,source_sheet,WebProdM,,,,,,,,
validation.rule.A2_WebM_NotIn_WebS,[A2] Web Master product not in Web Staging.,stable,source_key,wpm_WebIdEn,,,,,,,,
validation.rule.A2_WebM_NotIn_WebS,[A2] Web Master product not in Web Staging.,stable,target_sheet,WebProdS_EN,,,,,,,,
validation.rule.A2_WebM_NotIn_WebS,[A2] Web Master product not in Web Staging.,stable,target_key,wps_ID,,,,,,,,
validation.rule.A2_WebM_NotIn_WebS,[A2] Web Master product not in Web Staging.,stable,invert_result,TRUE,,,,,,,,
validation.rule.A2_WebM_NotIn_WebS,[A2] Web Master product not in Web Staging.,stable,on_failure_task_type,task.validation.web_master_discrepancy,,,,,,,,
validation.rule.A2_WebM_NotIn_WebS,[A2] Web Master product not in Web Staging.,stable,on_failure_title,Web Product Missing from Import: ${wpm_NameEn},,,,,,,,
validation.rule.A2_WebM_NotIn_WebS,[A2] Web Master product not in Web Staging.,stable,on_failure_notes,Product SKU ${wpm_SKU} (ID: ${wpm_WebIdEn}) exists in the Web Master sheet but was not found in the latest web import.,,,,,,,,
validation.rule.C1_CmxM_NotIn_CmxS,[C1] Active Comax Master product not in Comax Staging.,stable,enabled,TRUE,,,,,,,,
validation.rule.C1_CmxM_NotIn_CmxS,[C1] Active Comax Master product not in Comax Staging.,stable,validation_suite,comax_staging,,,,,,,,
validation.rule.C1_CmxM_NotIn_CmxS,[C1] Active Comax Master product not in Comax Staging.,stable,test_type,EXISTENCE_CHECK,,,,,,,,
validation.rule.C1_CmxM_NotIn_CmxS,[C1] Active Comax Master product not in Comax Staging.,stable,source_sheet,CmxProdM,,,,,,,,
validation.rule.C1_CmxM_NotIn_CmxS,[C1] Active Comax Master product not in Comax Staging.,stable,source_key,cpm_SKU,,,,,,,,
validation.rule.C1_CmxM_NotIn_CmxS,[C1] Active Comax Master product not in Comax Staging.,stable,source_filter,"cpm_IsActive,1",,,,,,,,
validation.rule.C1_CmxM_NotIn_CmxS,[C1] Active Comax Master product not in Comax Staging.,stable,target_sheet,CmxProdS,,,,,,,,
validation.rule.C1_CmxM_NotIn_CmxS,[C1] Active Comax Master product not in Comax Staging.,stable,target_key,cps_SKU,,,,,,,,
validation.rule.C1_CmxM_NotIn_CmxS,[C1] Active Comax Master product not in Comax Staging.,stable,invert_result,TRUE,,,,,,,,
validation.rule.C1_CmxM_NotIn_CmxS,[C1] Active Comax Master product not in Comax Staging.,stable,on_failure_task_type,task.validation.comax_master_discrepancy,,,,,,,,
validation.rule.C1_CmxM_NotIn_CmxS,[C1] Active Comax Master product not in Comax Staging.,stable,on_failure_title,Active Comax Product Missing from Import: ${cpm_NameHe},,,,,,,,
validation.rule.C1_CmxM_NotIn_CmxS,[C1] Active Comax Master product not in Comax Staging.,stable,on_failure_notes,Active product SKU ${cpm_SKU} from Comax Master is missing from the latest Comax import.,,,,,,,,
validation.rule.B1_WebM_SKU_NotIn_ComaxM,[B1] Web Master SKU not in Comax Master.,stable,enabled,TRUE,,,,,,,,
validation.rule.B1_WebM_SKU_NotIn_ComaxM,[B1] Web Master SKU not in Comax Master.,stable,validation_suite,master_master,,,,,,,,
validation.rule.B1_WebM_SKU_NotIn_ComaxM,[B1] Web Master SKU not in Comax Master.,stable,test_type,EXISTENCE_CHECK,,,,,,,,
validation.rule.B1_WebM_SKU_NotIn_ComaxM,[B1] Web Master SKU not in Comax Master.,stable,source_sheet,WebProdM,,,,,,,,
validation.rule.B1_WebM_SKU_NotIn_ComaxM,[B1] Web Master SKU not in Comax Master.,stable,source_key,wpm_SKU,,,,,,,,
validation.rule.B1_WebM_SKU_NotIn_ComaxM,[B1] Web Master SKU not in Comax Master.,stable,target_sheet,CmxProdM,,,,,,,,
validation.rule.B1_WebM_SKU_NotIn_ComaxM,[B1] Web Master SKU not in Comax Master.,stable,target_key,cpm_SKU,,,,,,,,
validation.rule.B1_WebM_SKU_NotIn_ComaxM,[B1] Web Master SKU not in Comax Master.,stable,invert_result,TRUE,,,,,,,,
validation.rule.B1_WebM_SKU_NotIn_ComaxM,[B1] Web Master SKU not in Comax Master.,stable,on_failure_task_type,task.validation.sku_not_in_comax,,,,,,,,
validation.rule.B1_WebM_SKU_NotIn_ComaxM,[B1] Web Master SKU not in Comax Master.,stable,on_failure_title,SKU ${wpm_SKU} not in Comax,,,,,,,,
validation.rule.B1_WebM_SKU_NotIn_ComaxM,[B1] Web Master SKU not in Comax Master.,stable,on_failure_notes,Web product '${wpm_NameEn}' (SKU: ${wpm_SKU}) does not have a corresponding entry in the Comax master product list.,,,,,,,,
validation.rule.B2_WebM_Translation_Missing,[B2] Web Master product missing translation.,stable,enabled,TRUE,,,,,,,,
validation.rule.B2_WebM_Translation_Missing,[B2] Web Master product missing translation.,stable,validation_suite,master_master,,,,,,,,
validation.rule.B2_WebM_Translation_Missing,[B2] Web Master product missing translation.,stable,test_type,EXISTENCE_CHECK,,,,,,,,
validation.rule.B2_WebM_Translation_Missing,[B2] Web Master product missing translation.,stable,source_sheet,WebProdM,,,,,,,,
validation.rule.B2_WebM_Translation_Missing,[B2] Web Master product missing translation.,stable,source_key,wpm_WebIdEn,,,,,,,,
validation.rule.B2_WebM_Translation_Missing,[B2] Web Master product missing translation.,stable,target_sheet,WebXltM,,,,,,,,
validation.rule.B2_WebM_Translation_Missing,[B2] Web Master product missing translation.,stable,target_key,wxl_WebIdEn,,,,,,,,
validation.rule.B2_WebM_Translation_Missing,[B2] Web Master product missing translation.,stable,invert_result,TRUE,,,,,,,,
validation.rule.B2_WebM_Translation_Missing,[B2] Web Master product missing translation.,stable,on_failure_task_type,task.validation.translation_missing,,,,,,,,
validation.rule.B2_WebM_Translation_Missing,[B2] Web Master product missing translation.,stable,on_failure_title,Translation missing for ${wpm_NameEn},,,,,,,,
validation.rule.B2_WebM_Translation_Missing,[B2] Web Master product missing translation.,stable,on_failure_notes,Web product '${wpm_NameEn}' (ID: ${wpm_WebIdEn}) does not have a corresponding entry in the translation mapping sheet (WebXltM).,,,,,,,,
validation.rule.B3_WebM_Not_WebInComaxM,"[B3] Web Master product not marked ""sold on line"" in Comax Master.",stable,enabled,TRUE,,,,,,,,
validation.rule.B3_WebM_Not_WebInComaxM,"[B3] Web Master product not marked ""sold on line"" in Comax Master.",stable,validation_suite,master_master,,,,,,,,
validation.rule.B3_WebM_Not_WebInComaxM,"[B3] Web Master product not marked ""sold on line"" in Comax Master.",stable,test_type,FIELD_COMPARISON,,,,,,,,
validation.rule.B3_WebM_Not_WebInComaxM,"[B3] Web Master product not marked ""sold on line"" in Comax Master.",stable,sheet_A,WebProdM,,,,,,,,
validation.rule.B3_WebM_Not_WebInComaxM,"[B3] Web Master product not marked ""sold on line"" in Comax Master.",stable,sheet_B,CmxProdM,,,,,,,,
validation.rule.B3_WebM_Not_WebInComaxM,"[B3] Web Master product not marked ""sold on line"" in Comax Master.",stable,key_A,wpm_SKU,,,,,,,,
validation.rule.B3_WebM_Not_WebInComaxM,"[B3] Web Master product not marked ""sold on line"" in Comax Master.",stable,key_B,cpm_SKU,,,,,,,,
validation.rule.B3_WebM_Not_WebInComaxM,"[B3] Web Master product not marked ""sold on line"" in Comax Master.",stable,compare_fields,"wpm_SKU,cpm_IsWeb",,,,,,,,
validation.rule.B3_WebM_Not_WebInComaxM,"[B3] Web Master product not marked ""sold on line"" in Comax Master.",stable,compare_condition,"B_NOT_EQUALS_VALUE,1",,,,,,,,
validation.rule.B3_WebM_Not_WebInComaxM,"[B3] Web Master product not marked ""sold on line"" in Comax Master.",stable,on_failure_task_type,task.validation.comax_not_web_product,,,,,,,,
validation.rule.B3_WebM_Not_WebInComaxM,"[B3] Web Master product not marked ""sold on line"" in Comax Master.",stable,on_failure_title,"Web Product Not ""Sold On Line"" in Comax: ${wpm_NameEn}",,,,,,,,
validation.rule.B3_WebM_Not_WebInComaxM,"[B3] Web Master product not marked ""sold on line"" in Comax Master.",stable,on_failure_notes,Web product '${wpm_NameEn}' (SKU: ${wpm_SKU}) is active on the web but its corresponding Comax entry is not marked as 'sold on line' (cpm_IsWeb is not '1').,,,,,,,,
task.validation.webxlt_data_integrity,Task definition for WebXlt data integrity issues.,stable,topic,WebXlt,,,,,,,,
task.validation.webxlt_data_integrity,Task definition for WebXlt data integrity issues.,stable,default_priority,High,,,,,,,,
task.validation.webxlt_data_integrity,Task definition for WebXlt data integrity issues.,stable,initial_status,New,,,,,,,,
task.validation.sku_not_in_comax,Task definition for when a SKU from a web import does not exist in the Comax master data.,stable,topic,Products,,,,,,,,
task.validation.sku_not_in_comax,Task definition for when a SKU from a web import does not exist in the Comax master data.,stable,default_priority,High,,,,,,,,
task.validation.sku_not_in_comax,Task definition for when a SKU from a web import does not exist in the Comax master data.,stable,initial_status,New,,,,,,,,
task.validation.translation_missing,Task definition for when a product is missing its counterpart in the other language.,stable,topic,Products,,,,,,,,
task.validation.translation_missing,Task definition for when a product is missing its counterpart in the other language.,stable,default_priority,High,,,,,,,,
task.validation.translation_missing,Task for when a product is missing its counterpart in the other language.,stable,initial_status,New,,,,,,,,
task.validation.comax_internal_audit,Task for internal data consistency issues in Comax staging.,stable,topic,Products,,,,,,,,
task.validation.comax_internal_audit,Task for internal data consistency issues in Comax staging.,stable,default_priority,Normal,,,,,,,,
task.validation.comax_internal_audit,Task for internal data consistency issues in Comax staging.,stable,initial_status,New,,,,,,,,
task.validation.field_mismatch,Task for when a field in a staging sheet does not match the master sheet.,stable,topic,Products,,,,,,,,
task.validation.field_mismatch,Task for when a field in a staging sheet does not match the master sheet.,stable,default_priority,Normal,,,,,,,,
task.validation.field_mismatch,Task for when a field in a staging sheet does not match the master sheet.,stable,initial_status,New,,,,,,,,
task.validation.name_mismatch,Task for when a product name in a staging sheet does not match the master sheet.,stable,topic,Products,,,,,,,,
task.validation.name_mismatch,Task for when a product name in a staging sheet does not match the master sheet.,stable,default_priority,Normal,,,,,,,,
task.validation.name_mismatch,Task for when a product name in a staging sheet does not match the master sheet.,stable,initial_status,New,,,,,,,,
task.validation.web_master_discrepancy,Task for when a web product exists in staging but not in the master sheet.,stable,topic,Products,,,,,,,,
task.validation.web_master_discrepancy,Task for when a web product exists in staging but not in the master sheet.,stable,default_priority,High,,,,,,,,
task.validation.web_master_discrepancy,Task for when a web product exists in staging but not in the master sheet.,stable,initial_status,New,,,,,,,,
task.validation.comax_master_discrepancy,Task for when an active Comax product is missing from staging.,stable,topic,Products,,,,,,,,
task.validation.comax_master_discrepancy,Task for when an active Comax product is missing from staging.,stable,default_priority,High,,,,,,,,
task.validation.comax_master_discrepancy,Task for when an active Comax product is missing from staging.,stable,initial_status,New,,,,,,,,
task.validation.row_count_decrease,Task for when a row count decreases in a staging sheet compared to its master.,stable,topic,Products,,,,,,,,
task.validation.row_count_decrease,Task for when a row count decreases in a staging sheet compared to its master.,stable,default_priority,High,,,,,,,,
task.validation.row_count_decrease,Task for when a row count decreases in a staging sheet compared to its master.,stable,initial_status,New,,,,,,,,
task.confirmation.comax_export,Task to confirm Comax order export has been processed.,stable,topic,System,,,,,,,,
task.confirmation.comax_export,Task to confirm Comax order export has been processed.,stable,default_priority,High,,,,,,,,
task.confirmation.comax_export,Task to confirm Comax order export has been processed.,stable,initial_status,New,,,,,,,,
task.confirmation.product_count_export,Task to confirm product count export has been processed.,stable,topic,System,,,,,,,,
task.confirmation.product_count_export,Task to confirm product count export has been processed.,stable,default_priority,High,,,,,,,,
task.confirmation.product_count_export,Task to confirm product count export has been processed.,stable,initial_status,New,,,,,,,,
task.validation.comax_not_web_product,"Task for when a web product is not marked as ""sold on line"" in Comax.",stable,topic,Products,,,,,,,,
task.validation.comax_not_web_product,"Task for when a web product is not marked as ""sold on line"" in Comax.",stable,default_priority,High,,,,,,,,
task.validation.comax_not_web_product,"Task for when a web product is not marked as ""sold on line"" in Comax.",stable,initial_status,New,,,,,,,,
migration.sync.tasks,Configuration for migrating SysOrdLog.,stable,column_mappings,"order_id:sol_OrderId,order_date:sol_OrderDate,packing_slip_status:sol_PackingStatus,packing_print_date:sol_PackingPrintedTimestamp",,,,,,,,
_section.06_Orders,Configurations for order processing workflows.,,,,,,,,,,,
order.mutable_statuses,Order statuses that allow for full updates.,stable,statuses,"on-hold,pending",,,,,,,,
order.status_only_update_statuses,Order statuses that only allow for status updates.,stable,statuses,"trash,cancelled,processing,completed",,,,,,,,
order.master_order_id_header,The header name for the master order ID.,stable,header,wom_OrderId,,,,,,,,
order.master_status_header,The header name for the master order status.,stable,header,wom_Status,,,,,,,,
_section.07_Migration,Configurations for migrating data from legacy systems.,,,,,,,,,,,
migration.sync.tasks,Configuration for migrating SysOrdLog.,stable,data_type_name,SysOrdLog,,,,,,,,
migration.sync.tasks,Configuration for migrating SysOrdLog.,stable,legacy_spreadsheet_id,1YLqfcX0zqXrRbJccduaWgcnY6qLjL39Y5bbD4Lu5tXc,,,,,,,,
migration.sync.tasks,Configuration for migrating SysOrdLog.,stable,legacy_sheet_name,OrderLog,,,,,,,,
migration.sync.tasks,Configuration for migrating SysOrdLog.,stable,jlmops_target_sheet_name,SysOrdLog,,,,,,,,
migration.sync.tasks,Configuration for migrating SysOrdLog.,stable,primary_key_column,order_id,,,,,,,,
_section.08_Printing,Configurations for printing documents.,,,,,,,,,,,
printing.templates.folder_id,The Google Drive Folder ID for printing templates.,stable,id,1dUSbbkNCrGbVUpZnmoa0D_e5zib9HaXe,,,,,,,,
printing.packingslip.default_template_id,The Google Doc ID for the default packing slip template.,stable,id,1z3VocTeR_PbLMtQp94dg2JuIb-Z3EOVoZVgS0zMmAMw,,,,,,,,
printing.note.default_template_id,The Google Doc ID for the default note template.,stable,id,1_E2uUq0b5jsIfrdvMorUDF2Hweqm4JFvS-GkliEFXKg,,,,,,,,
printing.output.folder_id,The Google Drive Folder ID for printed documents output.,stable,id,1eUQtr15O_NT0Ow4GUi1icBvpDwGJQf23,,,,,,,,
_section.99_Other,Uncategorized settings.,,,,,,,,,,,
system.webxlt.validation_status,"Status of the latest WebXlt validation (OK, QUARANTINED).",stable,status,OK,,,,,,,,
system.folder.jlmops_exports,The Google Drive Folder ID for JLMops exports.,stable,id,1B_CTOlpFLesq5ZETomt4IrKkvPvF7Y0X,,,,,,,,